"","Gene Symbol","CE Detail","Ensembl ID","ID #","Canonical Splice Junction","Cryptic Exon Location
(hg38)","LeftJunction","RightJunction","L_padj_TDPvCtrl","R_padj_TDPvCtrl","L_padj_TDPvTXUTXS","R_padj_TDPvTXUTXS"
"1","AARS1",NA,"ENSG00000090861","CE001","chr16:70271973-70276485","chr16:70272796-70272882","chr16:70271973-70272795","chr16:70272883-70276485","5.03e-09","5.03e-09","0.137","0.137"
"2","ABR",NA,"ENSG00000159842","CE002","chr17:1125368-1179666","chr17:1160553-1160763","chr17:1125368-1160552","chr17:1160764-1179666","6.78e-10","6.78e-10","0.561","0.561"
"3","ACER1",NA,"ENSG00000078124","CE003","chr11:76861080-76926556","chr11:76868120-76868973","chr11:76861080-76868119",NA,"0.000174",NA,"not calculated",NA
"4","ACTL6B",NA,"ENSG00000077080","CE004","chr7:100650136-100655018","chr7:100650575-100650643","chr7:100650136-100650574","chr7:100650644-100655018","3.43e-34","3.43e-34","2.36e-05","2.36e-05"
"5","ADARB1",NA,"ENSG00000197381","CE005","chr21:45180445-45182584","chr21:45181480-45181516","chr21:45180445-45181479","chr21:45181517-45182584","2.59e-08","2.59e-08","8.57e-05","8.57e-05"
"6","ADARB2","1_long","ENSG00000185736","CE006","chr10:1363918-1379073","chr10:1376104-1376218","chr10:1363918-1376103","chr10:1376219-1379073","6.46e-48","6.46e-48","0.000151","0.000151"
"7","ADARB2","1_short","ENSG00000185736","CE007","chr10:1363918-1379073","chr10:1376116-1376218","chr10:1363918-1376115","chr10:1376219-1379073","6.46e-48","6.46e-48","0.000151","0.000151"
"8","ADARB2","2","ENSG00000185736","CE008","chr10:1379161-1737050","chr10:1505255-1505358","chr10:1379161-1505254","chr10:1505359-1737050","not calculated","6.46e-48","not calculated","0.000151"
"9","ADARB2","3","ENSG00000185736","CE009","chr10:1379161-1737050","chr10:1630502-1645966",NA,"chr10:1645967-1737050",NA,"6.46e-48",NA,"0.000151"
"10","ADCY1","long","ENSG00000164742","CE010","chr7:45622744-45648669","chr7:45625299-45625430","chr7:45622744-45625298","chr7:45625431-45648669","1.4e-31","1.4e-31","0.000172","0.000172"
"11","ADCY1","short","ENSG00000164742","CE011","chr7:45622744-45648669","chr7:45625299-45625377","chr7:45622744-45625298","chr7:45625378-45648669","1.4e-31","1.4e-31","0.000172","0.000172"
"12","ADCY8",NA,"ENSG00000155897","CE012","chr8:130904043-130909707","chr8:130908924-130909014","chr8:130904043-130908923",NA,"1.48e-06",NA,"not calculated",NA
"13","ADGRB1",NA,"ENSG00000181790","CE013","chr8:142526628-142533294","chr8:142526628-142531271",NA,"chr8:142531272-142533294",NA,"2.7e-10",NA,"0.00328"
"14","ADGRL1",NA,"ENSG00000072071","CE014","chr19:14177745-14183532","chr19:14176479-14176669","chr19:14170792-14176478","chr19:14176670-14177530","1.21e-34","1.21e-34","0.00345","0.00345"
"15","ADGRL3",NA,"ENSG00000150471","CE015","chr4:61733555-61813808","chr4:61775439-61776284","chr4:61733555-61775438","chr4:61776285-61813808","4.54e-13","4.54e-13","1.21e-12","1.21e-12"
"16","AEBP2",NA,"ENSG00000139154","CE016","chr12:19462718-19473247","chr12:19466748-19466850","chr12:19462718-19466747","chr12:19466851-19473247","7.53e-05","7.53e-05","1e-05","1e-05"
"17","AGRN","long","ENSG00000188157","CE017","chr1:1044440-1045160","chr1:1044888-1044987","chr1:1044440-1044887","chr1:1044988-1045160","not calculated","7.39e-10","not calculated","0.535"
"18","AGRN","short","ENSG00000188157","CE018","chr1:1044440-1045160","chr1:1044892-1044987","chr1:1044440-1044891","chr1:1044988-1045160","not calculated","7.39e-10","not calculated","0.535"
"19","AGTPBP1",NA,"ENSG00000135049","CE019","chr9:85633375-85642826","chr9:85639891-85639968","chr9:85633375-85639890","chr9:85639969-85642826","1.21e-09","1.21e-09","1.42e-06","1.42e-06"
"20","AIG1",NA,"ENSG00000146416","CE020","chr6:143165184-143284109","chr6:143270732-143270782","chr6:143165184-143270731","chr6:143270783-143284109","1.41e-09","1.41e-09","8.39e-08","8.39e-08"
"21","AKT3","1","ENSG00000117020","CE021","chr1:243512427-243545509","chr1:243523309-243523467","chr1:243512427-243523308","chr1:243523468-243527753","3.36e-18","not calculated","8.98e-05","not calculated"
"22","AKT3","2","ENSG00000117020","CE022","chr1:243512427-243545509","chr1:243527754-243527864","chr1:243523468-243527753","chr1:243527865-243545509","not calculated","3.36e-18","not calculated","8.98e-05"
"23","ANKMY2","1","ENSG00000106524","CE023","chr7:16602510-16604720","chr7:16603549-16603660","chr7:16602510-16603548","chr7:16603661-16604720","7.26e-08","7.26e-08","0.00206","0.00206"
"24","ANKMY2","2","ENSG00000106524","CE024","chr7:16636456-16645506","chr7:16644685-16644812","chr7:16636456-16644684","chr7:16644813-16645506","0.00338","0.00338","2.59e-06","2.59e-06"
"25","ANO10",NA,"ENSG00000160746","CE025","chr3:43549849-43555277","chr3:43551472-43551566","chr3:43549849-43551471","chr3:43551567-43555277","0.0297","0.0297","0.0207","0.0207"
"26","AP3M1",NA,"ENSG00000185009","CE026","chr10:74136804-74138106","chr10:74137115-74137212","chr10:74136804-74137114","chr10:74137213-74138106","0.0545","0.0545","0.0365","0.0365"
"27","ARHGAP32",NA,"ENSG00000134909","CE027","chr11:128988126-128998318","chr11:128991575-128992046",NA,"chr11:128992047-128998318",NA,"3.37e-10",NA,"0.585"
"28","ARIH2",NA,"ENSG00000177479","CE028","chr3:48970705-48973698","chr3:48970705-48970841",NA,"chr3:48970842-48973698",NA,"6.42e-09",NA,"0.385"
"29","ARL15",NA,"ENSG00000185305","CE029","chr5:54171929-54282270","chr5:54242070-54242150","chr5:54171929-54242069","chr5:54242151-54282270","3.32e-17","3.32e-17","0.0932","0.0932"
"30","ATG14",NA,"ENSG00000126775","CE030","chr14:55390993-55395939","chr14:55394649-55394715","chr14:55390993-55394648","chr14:55394716-55395939","0.0398","0.0398","not calculated","not calculated"
"31","ATG4B","long","ENSG00000168397","CE031","chr2:241668686-241670725","chr2:241668782-241668985","chr2:241668686-241668781","chr2:241668986-241670725","2.88e-32","2.88e-32","3.31e-05","3.31e-05"
"32","ATG4B","short","ENSG00000168397","CE032","chr2:241668686-241670725","chr2:241668875-241668985","chr2:241668686-241668874","chr2:241668986-241670725","2.88e-32","2.88e-32","3.31e-05","3.31e-05"
"33","ATXN1",NA,"ENSG00000124788","CE033","chr6:16585908-16657775","chr6:16589446-16589513","chr6:16585908-16589445","chr6:16589514-16657775","not calculated","5.91e-08","not calculated","not calculated"
"34","AUH",NA,"ENSG00000148090","CE034","chr9:91356156-91361627","chr9:91360371-91360440","chr9:91356156-91360370;chr9:91356156-91360278","chr9:91360441-91361627","0.000242, 0.000242","0.000242","3.57e-09, 3.57e-09","3.57e-09"
"35","BBS7",NA,"ENSG00000138686","CE035","chr4:121828729-121833230","chr4:121832060-121832173","chr4:121828729-121832059","chr4:121832174-121833230","0.0012","not calculated","0.00306","not calculated"
"36","BCAS3",NA,"ENSG00000141376","CE036","chr17:60684037-60689685","chr17:60688932-60689046","chr17:60684037-60688931","chr17:60689047-60689685","0.0303","0.0303","9.25e-05","9.25e-05"
"37","BCKDHB","1","ENSG00000083123","CE037","chr6:80127625-80129160","chr6:80128599-80128842","chr6:80127625-80128598","chr6:80128843-80129160","not calculated","not calculated","not calculated","not calculated"
"38","BCKDHB","2","ENSG00000083123","CE038","chr6:80169031-80171281","chr6:80169811-80169904","chr6:80169031-80169810",NA,"1.61e-06",NA,"not calculated",NA
"39","BCL2L13",NA,"ENSG00000099968","CE039","chr22:17702387-17726676","chr22:17722274-17722390","chr22:17702387-17722273","chr22:17722391-17726690","2.04e-18","not calculated","0.000147","not calculated"
"40","BRWD1",NA,"ENSG00000185658","CE040","chr21:39229437-39232176","chr21:39230241-39230308","chr21:39229437-39230240","chr21:39230309-39232176","0.00901","0.00901","0.17","0.17"
"41","C1orf53",NA,"ENSG00000203724","CE041","chr1:197902914-197905795","chr1:197903012-197903119",NA,"chr1:197903120-197905795",NA,"3.71e-06",NA,"0.967"
"42","CACNA1B",NA,"ENSG00000148408","CE042","chr9:138013236-138023010","chr9:138017139-138017201","chr9:138013236-138017138","chr9:138017202-138023010","5.81e-08","5.81e-08","0.343","0.343"
"43","CACNA1C",NA,"ENSG00000151067","CE043","chr12:2512985-2549942","chr12:2547450-2547524","chr12:2512985-2547449","chr12:2547525-2549942","3.04e-12","3.04e-12","0.289","0.289"
"44","CACNA1C","2","ENSG00000151067","CE044","chr12:2679797-2682549","chr12:2680363-2680575","chr12:2679797-2680362","chr12:2680576-2682549","not calculated","8.22e-07","not calculated","not calculated"
"45","CACNA1E",NA,"ENSG00000198216","CE045","chr1:181726163-181732383","chr1:181731175-181731231","chr1:181726163-181731174","chr1:181731232-181732383","1.1e-14","1.1e-14","0.022","0.022"
"46","CADPS",NA,"ENSG00000163618","CE046","chr3:62403186-62438103","chr3:62420936-62421128","chr3:62403186-62420935","chr3:62421129-62438103","6.16e-21","6.16e-21","1.01e-08","1.01e-08"
"47","CAMK2B","1","ENSG00000058404","CE047","chr7:44220902-44226515","chr7:44222117-44223928","chr7:44220902-44222116","chr7:44223929-44231005","6.94e-30","6.94e-30","1.64e-25","1.64e-25"
"48","CAMK2B","2_long","ENSG00000058404","CE048","chr7:44254608-44258871","chr7:44258490-44258610","chr7:44254608-44258489","chr7:44258611-44258871","3.3e-32","3.3e-32","0.024","0.024"
"49","CAMK2B","2_short","ENSG00000058404","CE049","chr7:44254608-44258871","chr7:44258490-44258514","chr7:44254608-44258489","chr7:44258515-44258871","3.3e-32","3.3e-32","0.024","0.024"
"50","CBARP",NA,"ENSG00000099625","CE050","chr19:1235146-1235500","chr19:1235146-1235342",NA,"chr19:1235343-1235500",NA,"1.8e-35",NA,"0.000228"
"51","CBARP","long","ENSG00000099625","CE051","chr19:1235146-1235500","chr19:1235146-1235390",NA,"chr19:1235391-1235500",NA,"1.8e-35",NA,"0.000228"
"52","CBARP","miniexon","ENSG00000099625","CE052","chr19:1235146-1235500","chr19:1235312-1235342","chr19:1235146-1235311","chr19:1235343-1235500","1.8e-35","1.8e-35","0.000228","0.000228"
"53","CDK19",NA,"ENSG00000155111","CE053","chr6:110623363-110626775","chr6:110623363-110623478",NA,"chr6:110623479-110626775",NA,"0.00522",NA,"0.00899"
"54","CDK7","long","ENSG00000134058","CE054","chr5:69259937-69262204","chr5:69261377-69261458","chr5:69259937-69261376","chr5:69261459-69262204","1.11e-18","1.11e-18","0.000732","0.000732"
"55","CDK7","short","ENSG00000134058","CE055","chr5:69259937-69262204","chr5:69261323-69261458","chr5:69259937-69261322","chr5:69261459-69262204","not calculated","1.11e-18","not calculated","0.000732"
"56","CDO1","1","ENSG00000129596","CE056","chr5:115806519-115811160","chr5:115809622-115809697","chr5:115806519-115809621","chr5:115809698-115811160","0.00299","0.00299","7.82e-05","7.82e-05"
"57","CDO1","2","ENSG00000129596","CE057","chr5:115813259-115816227","chr5:115813898-115813954","chr5:115813259-115813897","chr5:115813955-115816227","1.43e-56","1.43e-56","9.06e-09","9.06e-09"
"58","CDO1","3","ENSG00000129596","CE058","chr5:115813259-115816227","chr5:115814286-115814484","chr5:115813955-115814285","chr5:115814485-115816227","1.43e-56","1.43e-56","9.06e-09","9.06e-09"
"59","CELF5","long","ENSG00000161082","CE059","chr19:3278111-3281198","chr19:3278209-3278316",NA,"chr19:3278317-3281198",NA,"1.39e-43",NA,"1.82e-11"
"60","CELF5","mid","ENSG00000161082","CE060","chr19:3278111-3281198","chr19:3278213-3278316","chr19:3278111-3278212","chr19:3278317-3281198","1.39e-43","1.39e-43","1.82e-11","1.82e-11"
"61","CELF5","short","ENSG00000161082","CE061","chr19:3278111-3281198","chr19:3278231-3278316","chr19:3278111-3278230","chr19:3278317-3281198","1.39e-43","1.39e-43","1.82e-11","1.82e-11"
"62","CEP131",NA,"ENSG00000141577","CE062","chr17:81207240-81208927","chr17:81208144-81208356","chr17:81207240-81208143","chr17:81208357-81208927","1.34e-08","not calculated","not calculated","not calculated"
"63","CEP290","long","ENSG00000198707","CE063","chr12:88086499-88087779","chr12:88086642-88086789","chr12:88086499-88086641","chr12:88086790-88087779","4.17e-20","4.17e-20","0.00133","0.00133"
"64","CEP290","short","ENSG00000198707","CE064","chr12:88086499-88087779","chr12:88086642-88086742","chr12:88086499-88086641","chr12:88086743-88087779","4.17e-20","not calculated","0.00133","not calculated"
"65","CEP57",NA,"ENSG00000166037","CE065","chr11:95790744-95795515","chr11:95794221-95794533","chr11:95790744-95794220","chr11:95794534-95795515","3.84e-05","not calculated","0.0184","not calculated"
"66","CEP72",NA,"ENSG00000112877","CE066","chr5:647917-652987","chr5:648100-648223","chr5:647917-648099","chr5:648224-652987","1.6e-12","1.6e-12","not calculated","not calculated"
"67","CERK",NA,"ENSG00000100422","CE067","chr22:46721016-46738006","chr22:46734627-46735508",NA,"chr22:46735509-46738006",NA,"8.34e-05",NA,"0.00627"
"68","CERS4",NA,"ENSG00000090661","CE068","chr19:8210863-8251075","chr19:8240486-8240563","chr19:8210863-8240485","chr19:8240564-8241340","not calculated","not calculated","not calculated","not calculated"
"69","CERT1",NA,"ENSG00000113163","CE069","chr5:75411104-75416875","chr5:75415197-75415235","chr5:75411104-75415196","chr5:75415236-75416875","0.000196","not calculated","0.0187","not calculated"
"70","CFAP97",NA,"ENSG00000164323","CE070","chr4:185176052-185190142","chr4:185188951-185189069","chr4:185176052-185188950","chr4:185189070-185190142","not calculated","0.175","not calculated","0.0189"
"71","CHD8",NA,"ENSG00000100888","CE071","chr14:21415908-21426127","chr14:21418212-21418353","chr14:21415908-21418211","chr14:21418354-21426127","1.96e-05","not calculated","0.000444","not calculated"
"72","CHFR",NA,"ENSG00000072609","CE072","chr12:132848156-132848640","chr12:132848156-132848223",NA,"chr12:132848224-132848640",NA,"0.372",NA,"0.0178"
"73","CHID1",NA,"ENSG00000177830","CE073","chr11:900981-902197","chr11:902148-902197","chr11:900981-902147",NA,"3.4e-09",NA,"0.000626",NA
"74","CHMP2B","long","ENSG00000083937","CE074","chr3:87227557-87240698","chr3:87240327-87240453","chr3:87227557-87240326","chr3:87240454-87240698","not calculated","not calculated","not calculated","not calculated"
"75","CHMP2B","short","ENSG00000083937","CE075","chr3:87227557-87240698","chr3:87240323-87240453","chr3:87227557-87240322","chr3:87240454-87240698","0.00563","not calculated","0.0287","not calculated"
"76","CHMP5",NA,"ENSG00000086065","CE076","chr9:33271224-33276455","chr9:33273488-33273528","chr9:33271224-33273487","chr9:33273529-33276455","1.2e-09","1.2e-09","7.3e-06","7.3e-06"
"77","CHRNB3",NA,"ENSG00000147432","CE077","chr8:42697599-42708716","chr8:42704349-42704481","chr8:42697599-42704348","chr8:42704482-42708716","7.89e-15","7.89e-15","2.59e-08","2.59e-08"
"78","CIC",NA,"ENSG00000079432","CE078","chr19:42269382-42271773","chr19:42270505-42270549","chr19:42269382-42270504","chr19:42270550-42271773","not calculated","not calculated","not calculated","not calculated"
"79","CNGA3",NA,"ENSG00000144191","CE079","chr2:98370077-98377686","chr2:98375922-98376036","chr2:98370077-98375921","chr2:98376037-98377686","1.84e-13","1.84e-13","0.261","0.261"
"80","CNOT1",NA,"ENSG00000125107","CE080","chr16:58538915-58539767","chr16:58539521-58539556","chr16:58538915-58539520","chr16:58539557-58539767","6.43e-17","6.43e-17","0.00023","0.00023"
"81","CNOT2","long","ENSG00000111596","CE081","chr12:70278275-70310894","chr12:70294071-70294294","chr12:70278275-70294070","chr12:70294295-70310894","1.32e-08","1.32e-08","0.000233","0.000233"
"82","CNOT2","short","ENSG00000111596","CE082","chr12:70278275-70310894","chr12:70294237-70294294","chr12:70278275-70294236","chr12:70294295-70310894","1.32e-08","1.32e-08","0.000233","0.000233"
"83","COPB2",NA,"ENSG00000184432","CE083","chr3:139383436-139389547","chr3:139385004-139385200","chr3:139383436-139385003","chr3:139385201-139389547","6.28e-05","6.28e-05","0.0028","0.0028"
"84","CORO7","long","ENSG00000262246","CE084","chr16:4365546-4387985","chr16:4367184-4367442","chr16:4365546-4367183","chr16:4367443-4387985","1.89e-22","1.89e-22","0.00309","0.00309"
"85","CORO7","short","ENSG00000262246","CE085","chr16:4365546-4387985","chr16:4367298-4367442","chr16:4365546-4367297","chr16:4367443-4387985","1.89e-22","1.89e-22","0.00309","0.00309"
"86","CPLANE1",NA,"ENSG00000197603","CE086","chr5:37122489-37125243","chr5:37124014-37124050","chr5:37122489-37124013","chr5:37124051-37125243","4.91e-07","not calculated","8.21e-05","not calculated"
"87","CRLS1","1","ENSG00000088766","CE087","chr20:6015491-6031284","chr20:6023292-6023422","chr20:6015491-6023291","chr20:6023423-6026170;chr20:6023423-6031284","1.28e-26","1.28e-26","1.84e-11","1.84e-11"
"88","CRLS1","2","ENSG00000088766","CE088","chr20:6015491-6031284","chr20:6026171-6026238","chr20:6015491-6026170;chr20:6023423-6026170","chr20:6026239-6031284;chr20:6026239-6028671","1.28e-26, 1.28e-26","1.28e-26, 1.28e-26","1.84e-11, 1.84e-11","1.84e-11, 1.84e-11"
"89","CRLS1","3","ENSG00000088766","CE089","chr20:6015491-6031284","chr20:6028672-6028725","chr20:6015491-6028671;chr20:6026239-6028671","chr20:6028726-6031284","1.28e-26","1.28e-26","1.84e-11","1.84e-11"
"90","CTTNBP2",NA,"ENSG00000077063","CE090","chr7:117861317-117873334","chr7:117862098-117863026","chr7:117861317-117862097","chr7:117863027-117873334","1.09e-10","1.09e-10","0.195","0.195"
"91","CYFIP2","1","ENSG00000055163","CE091","chr5:157328050-157330741","chr5:157330162-157330227","chr5:157328050-157330161","chr5:157330228-157330741","3.45e-16","3.45e-16","0.00011","0.00011"
"92","CYFIP2","2","ENSG00000055163","CE092","chr5:157360373-157361467","chr5:157360555-157360622","chr5:157360373-157360554","chr5:157360623-157361268","5.89e-30","5.89e-30","0.0859","0.0859"
"93","CYFIP2","3","ENSG00000055163","CE093","chr5:157360373-157361467","chr5:157361269-157361336","chr5:157360623-157361268","chr5:157361337-157361467","5.89e-30","5.89e-30","0.0859","0.0859"
"94","DAPK1","1","ENSG00000196730","CE094","chr9:87499140-87604953","chr9:87506820-87506929","chr9:87499140-87506819","chr9:87506930-87510575;chr9:87506930-87537664;chr9:87506930-87604953","6.79e-50","6.79e-50, 6.79e-50","0.0269","0.0269, 0.0269"
"95","DAPK1","2","ENSG00000055163","CE095","chr9:87499140-87604953","chr9:87510576-87510684","chr9:87506930-87510575","chr9:87510685-87511218;chr9:87510685-87604953","6.79e-50","not calculated","0.0269","not calculated"
"96","DAPK1","3","ENSG00000055163","CE096","chr9:87499140-87604953","chr9:87511219-87511269","chr9:87506930-87511218;chr9:87510685-87511218","chr9:87511270-87537664","not calculated","not calculated","not calculated","not calculated"
"97","DAPK1","4","ENSG00000055163","CE097","chr9:87499140-87604953","chr9:87520011-87520092","chr9:87499140-87520010;chr9:87506930-87520010;chr9:87510685-87520010","chr9:87520093-87537664","not calculated","6.79e-50","not calculated","0.0269"
"98","DAPK1","5","ENSG00000196730","CE098","chr9:87499140-87604953","chr9:87537665-87537793","chr9:87499140-87537664;chr9:87520093-87537664","chr9:87537794-87604953","6.79e-50, 6.79e-50","6.79e-50","0.0269, 0.0269","0.0269"
"99","DDR1",NA,"ENSG00000204580","CE099","chr6:30884711-30888687","chr6:30885625-30885680","chr6:30884711-30885624","chr6:30885681-30888687","6.53e-14","6.53e-14","0.00113","0.00113"
"100","DENND2B",NA,"ENSG00000166444","CE100","chr11:8750726-8810516","chr11:8776192-8776402","chr11:8750726-8776191","chr11:8776403-8810516","4.84e-10","not calculated","not calculated","not calculated"
"101","DLG5",NA,"ENSG00000151208","CE101","chr10:77792544-77794007","chr10:77793165-77793235","chr10:77792544-77793164","chr10:77793236-77794007","1.81e-15","1.81e-15","0.0271","0.0271"
"102","DLGAP1",NA,"ENSG00000170579","CE102","chr18:4005202-4151179","chr18:4146750-4147667",NA,"chr18:4147668-4151179",NA,"4.91e-18",NA,"0.000274"
"103","DLGAP3","long","ENSG00000116544","CE103","chr1:34907438-34929450","chr1:34928988-34929450","chr1:34907438-34928987",NA,"not calculated",NA,"not calculated",NA
"104","DLGAP3","mid","ENSG00000116544","CE104","chr1:34907438-34929450","chr1:34929059-34929450","chr1:34907438-34929058",NA,"5.51e-12",NA,"0.0381",NA
"105","DLGAP3","short","ENSG00000116544","CE105","chr1:34907438-34929450","chr1:34929069-34929450","chr1:34907438-34929068",NA,"5.51e-12",NA,"0.0381",NA
"106","DNAAF9",NA,"ENSG00000088854","CE106","chr20:3343732-3348524","chr20:3344641-3344699","chr20:3343732-3344640","chr20:3344700-3348524","1.88e-19","1.88e-19","0.0017","0.0017"
"107","DNAJB6","long","ENSG00000105993","CE107","chr7:157367484-157382245","chr7:157381833-157381986","chr7:157367484-157381832","chr7:157381987-157382245","7.07e-33","7.07e-33","1.22e-18","1.22e-18"
"108","DNAJB6","short","ENSG00000105993","CE108","chr7:157367484-157382245","chr7:157381836-157381986","chr7:157367484-157381835","chr7:157381987-157382245","7.07e-33","7.07e-33","1.22e-18","1.22e-18"
"109","DNAJC12","1","ENSG00000108176","CE109","chr10:67823393-67837933","chr10:67830902-67831019","chr10:67823393-67830901","chr10:67831020-67835391","2.91e-43","2.91e-43","2.57e-33","2.57e-33"
"110","DNAJC12","2_long","ENSG00000108176","CE110","chr10:67823393-67837933","chr10:67835392-67835685","chr10:67823393-67835391","chr10:67835686-67837933","2.91e-43","2.91e-43","2.57e-33","2.57e-33"
"111","DNAJC12","2_short1","ENSG00000108176","CE111","chr10:67823393-67837933","chr10:67835392-67835525","chr10:67823393-67835391","chr10:67835526-67837933","2.91e-43","2.91e-43","2.57e-33","2.57e-33"
"112","DNAJC12","2_short2","ENSG00000108176","CE112","chr10:67823393-67837933","chr10:67835526-67835685","chr10:67831020-67835391","chr10:67835686-67837933","2.91e-43","2.91e-43","2.57e-33","2.57e-33"
"113","DNM1",NA,"ENSG00000106976","CE113","chr9:128250941-128254653","chr9:128253047-128253100","chr9:128250941-128253046",NA,"5.86e-34",NA,"5.37e-08",NA
"114","DOK5",NA,"ENSG00000101134","CE114","chr20:54591806-54610387","chr20:54594827-54594973","chr20:54591806-54594826","chr20:54594974-54610387","3.27e-12","3.27e-12","4.52e-08","4.52e-08"
"115","DST",NA,"ENSG00000151914","CE115","chr6:56482878-56485311","chr6:56484029-56484120","chr6:56482878-56484028","chr6:56484121-56485311","1.37e-07","1.37e-07","1.62e-07","1.62e-07"
"116","ELAPOR2",NA,"ENSG00000164659","CE116","chr7:86880531-86891723","chr7:86887931-86888050","chr7:86880531-86887930","chr7:86888051-86891723","5.6e-06","5.6e-06","0.00102","0.00102"
"117","ELAVL3",NA,"ENSG00000196361","CE117","chr19:11458612-11466171","chr19:11463496-11463662","chr19:11458612-11463495","chr19:11463663-11466171","7.35e-08","7.35e-08","7.69e-07","7.69e-07"
"118","EML6",NA,"ENSG00000214595","CE118","chr2:54928752-54948881","chr2:54947858-54948014","chr2:54928752-54947857","chr2:54948015-54948881","1.28e-06","1.28e-06","not calculated","not calculated"
"119","ENAH",NA,"ENSG00000154380","CE119","chr1:225567415-225652685","chr1:225590180-225590436","chr1:225567415-225590179","chr1:225590437-225652685","0.00453","not calculated","0.00155","not calculated"
"120","ENSG00000291130",NA,"ENSG00000291130","CE120","chr19:20409046-20417665","chr19:20409830-20409956","chr19:20409046-20409829","chr19:20409957-20417665","3.58e-16","not calculated","0.0451","not calculated"
"121","ENSG00000291207",NA,"ENSG00000291207","CE121","chr7:45729027-45736786","chr7:45735607-45735670","chr7:45729027-45735606","chr7:45735671-45736786","4.02e-07","4.02e-07","6.52e-05","6.52e-05"
"122","EPB41L4A","1","ENSG00000129595","CE122","chr5:112234756-112239659","chr5:112237537-112237596","chr5:112234756-112237536","chr5:112237597-112239659","6.95e-05","6.95e-05","4.21e-06","4.21e-06"
"123","EPB41L4A","2","ENSG00000129595","CE123","chr5:112266331-112275325","chr5:112267210-112267284","chr5:112266331-112267209","chr5:112267285-112275325","1.67e-22","1.67e-22","0.145","0.145"
"124","EPB41L4A","3","ENSG00000129595","CE124","chr5:112266331-112275325","chr5:112270684-112270792","chr5:112266331-112270683;chr5:112267284-112270683","chr5:112270793-112275325","not calculated","not calculated","not calculated","not calculated"
"125","EPG5",NA,"ENSG00000152223","CE125","chr18:45901168-45903972","chr18:45902018-45902155","chr18:45901168-45902017","chr18:45902156-45903972","0.0389","not calculated","not calculated","not calculated"
"126","ERC2",NA,"ENSG00000187672","CE126","chr3:56173521-56296018","chr3:56206233-56206362","chr3:56173521-56206232","chr3:56206363-56296018","5.2e-06","not calculated","0.285","not calculated"
"127","ERI3","1","ENSG00000117419","CE127","chr1:44221641-44247938","chr1:44225766-44226003","chr1:44221641-44225765","chr1:44226004-44247938","4.91e-13","4.91e-13","1.43e-18","1.43e-18"
"128","ERI3","2","ENSG00000117419","CE128","chr1:44221641-44247938","chr1:44241915-44242080","chr1:44221641-44241914","chr1:44242081-44247938","4.91e-13","4.91e-13","1.43e-18","1.43e-18"
"129","ESS2",NA,"ENSG00000100056","CE129","chr22:19142895-19144505","chr22:19144057-19144505","chr22:19142895-19144056",NA,"0.00526",NA,"0.307",NA
"130","ETNK1","long","ENSG00000139163","CE130","chr12:22661206-22671271","chr12:22668598-22668722","chr12:22661206-22668597","chr12:22668723-22671271","9.41e-05","9.41e-05","4.32e-06","4.32e-06"
"131","ETNK1","short","ENSG00000139163","CE131","chr12:22661206-22671271","chr12:22668598-22668700","chr12:22661206-22668597","chr12:22668701-22671271","9.41e-05","9.41e-05","4.32e-06","4.32e-06"
"132","ETS2",NA,"ENSG00000157557","CE132","chr21:38806121-38810034","chr21:38806445-38806808",NA,"chr21:38806809-38810034",NA,"2.43e-13",NA,"0.000123"
"133","ETV5",NA,"ENSG00000244405","CE133","chr3:186081176-186105304","chr3:186103669-186104572",NA,"chr3:186104573-186105304",NA,"2.88e-11",NA,"0.967"
"134","EXD3",NA,"ENSG00000187609","CE134","chr9:137356369-137366492","chr9:137365127-137366156","chr9:137356369-137365126","chr9:137366157-137366492","5.6e-12","5.6e-12","not calculated","not calculated"
"135","EXOG",NA,"ENSG00000157036","CE135","chr3:38506969-38523900","chr3:38513750-38513868","chr3:38506969-38513749","chr3:38513869-38523900","0.019","0.019","0.000114","0.000114"
"136","FAM114A2",NA,"ENSG00000055147","CE136","chr5:154034968-154038292","chr5:154037368-154037455","chr5:154034968-154037367","chr5:154037456-154038292","1.61e-19","1.61e-19","0.00304","0.00304"
"137","FAM66C",NA,"ENSG00000226711","CE137","chr12:8188646-8194202","chr12:8193520-8193655","chr12:8188646-8193519","chr12:8193656-8194202","8.86e-36","8.86e-36","0.564","0.564"
"138","FAM66D",NA,"ENSG00000255052","CE138","chr8:12122051-12145422","chr8:12144740-12144875","chr8:12122051-12144739","chr8:12144876-12145422","5.52e-06","5.52e-06","0.0187","0.0187"
"139","FAM81A",NA,"ENSG00000157470","CE139","chr15:59438283-59458549","chr15:59439024-59439064","chr15:59438283-59439023","chr15:59439065-59458549","1.99e-26","1.99e-26","0.029","0.029"
"140","FBN3","1","ENSG00000142449","CE140","chr19:8083373-8085362","chr19:8084235-8084411","chr19:8083373-8084234","chr19:8084412-8085362","4.56e-18","4.56e-18","not calculated","not calculated"
"141","FBN3","2","ENSG00000142449","CE141","chr19:8117590-8118896","chr19:8118351-8118456","chr19:8117590-8118350","chr19:8118457-8118896","not calculated","not calculated","not calculated","not calculated"
"142","FEZ1",NA,"ENSG00000149557","CE142","chr11:125489823-125496120","chr11:125495836-125496120","chr11:125489823-125495835",NA,"1.27e-16",NA,"0.0154",NA
"143","FH",NA,"ENSG00000091483","CE143","chr1:241508786-241511966","chr1:241509925-241509971","chr1:241508786-241509924","chr1:241509972-241511966","1.76e-12","1.76e-12","2.58e-06","2.58e-06"
"144","FNIP2",NA,"ENSG00000052795","CE144","chr4:158829226-158831860","chr4:158830449-158830602",NA,"chr4:158830603-158831860",NA,"0.00262",NA,"0.0334"
"145","FOCAD",NA,"ENSG00000188352","CE145","chr9:20770239-20778680","chr9:20773784-20773947","chr9:20770239-20773783","chr9:20773948-20778680","5.09e-05","5.09e-05","0.00321","0.00321"
"146","FOXK1",NA,"ENSG00000164916","CE146","chr7:4682869-4740837","chr7:4737318-4737421","chr7:4682869-4737317","chr7:4737422-4740837","not calculated","1.01e-07","not calculated","0.00834"
"147","FOXN3",NA,"ENSG00000053254","CE147","chr14:89350809-89411933","chr14:89356668-89356808","chr14:89350809-89356667","chr14:89356809-89411933","5.72e-07","not calculated","not calculated","not calculated"
"148","FOXRED1",NA,"ENSG00000110074","CE148","chr11:126276220-126276393","chr11:126276220-126276246",NA,"chr11:126276247-126276393",NA,"3.47e-05",NA,"0.00392"
"149","FRMD4B",NA,"ENSG00000114541","CE149","chr3:69302436-69311262","chr3:69302436-69310517",NA,"chr3:69310518-69311262",NA,"1.72e-06",NA,"0.111"
"150","FTO",NA,"ENSG00000140718","CE150","chr16:53810218-53825863","chr16:53814670-53814848","chr16:53810218-53814669","chr16:53814849-53825863","0.0634","0.0634","0.00278","0.00278"
"151","FUBP3",NA,"ENSG00000107164","CE151","chr9:130617896-130620353","chr9:130619327-130619388","chr9:130617896-130619326","chr9:130619389-130620353","6.88e-12","6.88e-12","9.66e-07","9.66e-07"
"152","G2E3",NA,"ENSG00000092140","CE152","chr14:30559273-30581075","chr14:30563746-30564023","chr14:30559273-30563745",NA,"3.12e-11",NA,"0.041",NA
"153","G3BP1",NA,"ENSG00000145907","CE153","chr5:151786716-151790322","chr5:151787765-151787794","chr5:151786716-151787764","chr5:151787795-151790322","1.59e-13","1.59e-13","0.122","0.122"
"154","GAK",NA,"ENSG00000178950","CE154","chr4:884087-888846","chr4:884087-888044",NA,"chr4:888045-888846",NA,"not calculated",NA,"not calculated"
"155","GALNT9",NA,"ENSG00000182870","CE155","chr12:132286431-132328965","chr12:132302276-132302467","chr12:132286431-132302275","chr12:132302468-132328965","not calculated","not calculated","not calculated","not calculated"
"156","GLRB",NA,"ENSG00000109738","CE156","chr4:157078147-157120555","chr4:157084664-157084724","chr4:157078147-157084663","chr4:157084725-157120555","0.000293","0.000293","0.0523","0.0523"
"157","GNB1L",NA,"ENSG00000185838","CE157","chr22:19821376-19854442","chr22:19823987-19824077","chr22:19821376-19823986","chr22:19824078-19854442","5.81e-10","5.81e-10","0.36","0.36"
"158","GNPAT",NA,"ENSG00000116906","CE158","chr1:231267904-231270757","chr1:231269863-231270087","chr1:231267904-231269862","chr1:231270088-231270757","7.73e-06","7.73e-06","9.13e-06","9.13e-06"
"159","GPATCH8",NA,"ENSG00000186566","CE159","chr17:44424493-44435064","chr17:44429716-44429860","chr17:44424493-44429715","chr17:44429861-44435064","not calculated","5.21e-09","not calculated","0.235"
"160","GPSM2",NA,"ENSG00000121957","CE160","chr1:108885579-108896863","chr1:108896317-108896431","chr1:108885579-108896316","chr1:108896432-108896863","not calculated","not calculated","not calculated","not calculated"
"161","GPT2",NA,"ENSG00000166123","CE161","chr16:46900791-46906841","chr16:46900791-46900883",NA,"chr16:46900884-46906841",NA,"0.000212",NA,"0.184"
"162","GRAMD1A",NA,"ENSG00000089351","CE162","chr19:35000487-35009118","chr19:35001098-35001244","chr19:35000487-35001097","chr19:35001245-35009118","3.92e-42","3.92e-42","0.000243","0.000243"
"163","GSS",NA,"ENSG00000100983","CE163","chr20:34946099-34951723","chr20:34950051-34950154","chr20:34946099-34950050","chr20:34950155-34951723","2.75e-18","2.75e-18","0.036","0.036"
"164","GTF2F2",NA,"ENSG00000188342","CE164","chr13:45207506-45252870","chr13:45220866-45220909","chr13:45207506-45220865","chr13:45220910-45252870","4.05e-08","4.05e-08","5.15e-08","5.15e-08"
"165","GYPC",NA,"ENSG00000136732","CE165","chr2:126656313-126690254","chr2:126675632-126675749","chr2:126656313-126675631","chr2:126675750-126690254","4.54e-06","4.54e-06","0.0137","0.0137"
"166","HAUS2",NA,"ENSG00000137814","CE166","chr15:42563858-42566606","chr15:42565446-42565880","chr15:42563858-42565445","chr15:42565881-42566606","8.55e-15","8.55e-15","0.134","0.134"
"167","HDGFL2",NA,"ENSG00000167674","CE167","chr19:4491836-4493702","chr19:4492015-4492152","chr19:4491836-4492014","chr19:4492153-4493702","3.9e-59","3.9e-59","0.0173","0.0173"
"168","HECTD1",NA,"ENSG00000092148","CE168","chr14:31157304-31168297","chr14:31163151-31163255","chr14:31157304-31163150","chr14:31163256-31168297","not calculated","7.57e-06","not calculated","0.000604"
"169","HERC1",NA,"ENSG00000103657","CE169","chr15:63638537-63638710","chr15:63638537-63638617",NA,"chr15:63638618-63638710",NA,"1.41e-06",NA,"0.00996"
"170","HS6ST3",NA,"ENSG00000185352","CE170","chr13:96091570-96832489","chr13:96095910-96099559","chr13:96091570-96095909",NA,"not calculated",NA,"not calculated",NA
"171","ICA1",NA,"ENSG00000003147","CE171","chr7:8141818-8143874","chr7:8141969-8142055","chr7:8141818-8141968","chr7:8142056-8143874","6.53e-14","6.53e-14","0.181","0.181"
"172","IFNGR1",NA,"ENSG00000027697","CE172","chr6:137207078-137219242","chr6:137215267-137215377","chr6:137207078-137215266","chr6:137215378-137219242","0.00503","not calculated","0.176","not calculated"
"173","IFT122","long","ENSG00000163913","CE173","chr3:129483683-129488256","chr3:129483926-129484032","chr3:129483683-129483925","chr3:129484033-129488256","4.08e-08","not calculated","0.153","not calculated"
"174","IFT122","short","ENSG00000163913","CE174","chr3:129483683-129488256","chr3:129483926-129484024","chr3:129483683-129483925","chr3:129484025-129488256","4.08e-08","not calculated","0.153","not calculated"
"175","IGLON5",NA,"ENSG00000142549","CE175","chr19:51311927-51322063","chr19:51320386-51320670","chr19:51311927-51320385","chr19:51320671-51322063","7.69e-24","7.69e-24","0.0688","0.0688"
"176","IGSF21","1","ENSG00000117154","CE176","chr1:18228011-18291865","chr1:18278741-18278884","chr1:18228011-18278740","chr1:18278885-18281080","not calculated","6.97e-14","not calculated","0.00822"
"177","IGSF21","2","ENSG00000117154","CE177","chr1:18228011-18291865","chr1:18281081-18281170","chr1:18228011-18281080","chr1:18281171-18291865","6.97e-14","not calculated","0.00822","not calculated"
"178","IK",NA,"ENSG00000113141","CE178","chr5:140647925-140648470","chr5:140647925-140648007",NA,"chr5:140648008-140648470",NA,"3.75e-17",NA,"9.08e-06"
"179","ILRUN",NA,"ENSG00000196821","CE179","chr6:34646799-34654624","chr6:34649709-34649830","chr6:34646799-34649708","chr6:34649831-34654624","2.91e-05","2.91e-05","1.12e-09","1.12e-09"
"180","INPP1",NA,"ENSG00000151689","CE180","chr2:190362688-190366694","chr2:190365113-190365202","chr2:190362688-190365112","chr2:190365203-190366694","0.0698","0.0698","0.0128","0.0128"
"181","INSR",NA,"ENSG00000171105","CE181","chr19:7168095-7170536","chr19:7169727-7169831","chr19:7168095-7169726","chr19:7169832-7170536","not calculated","not calculated","not calculated","not calculated"
"182","INTS3","long","ENSG00000143624","CE182","chr1:153728785-153740650","chr1:153730942-153731176","chr1:153728785-153730941","chr1:153731177-153740650","not calculated","not calculated","not calculated","not calculated"
"183","INTS3","short","ENSG00000143624","CE183","chr1:153728785-153740650","chr1:153730942-153731051","chr1:153728785-153730941","chr1:153731052-153740650","not calculated","not calculated","not calculated","not calculated"
"184","INTS8",NA,"ENSG00000164941","CE184","chr8:94832175-94836523","chr8:94834300-94834338","chr8:94832175-94834299","chr8:94834339-94836523","2.82e-15","2.82e-15","4.61e-05","4.61e-05"
"185","IQCE","1","ENSG00000106012","CE185","chr7:2559218-2567115","chr7:2562526-2562575","chr7:2559218-2562525","chr7:2562576-2564877","2.54e-66","2.54e-66","0.000344","0.000344"
"186","IQCE","2","ENSG00000106012","CE186","chr7:2559218-2567115","chr7:2562945-2563297","chr7:2559218-2562944","chr7:2563298-2564877","2.54e-66","2.54e-66","0.000344","0.000344"
"187","IQCE","3","ENSG00000106012","CE187","chr7:2559218-2567115","chr7:2564878-2565071","chr7:2559218-2564877;chr7:2562576-2564877","chr7:2565072-2567115","2.54e-66, 2.54e-66","2.54e-66","0.000344, 0.000344","0.000344"
"188","IQCE","4","ENSG00000106012","CE188","chr7:2584286-2586207","chr7:2584286-2584430",NA,"chr7:2584431-2586207",NA,"1.58e-06",NA,"0.686"
"189","ISLR2",NA,"ENSG00000167178","CE189","chr15:74130622-74131206","chr15:74130622-74130665",NA,"chr15:74130666-74131206",NA,"2.76e-65",NA,"1.99e-05"
"190","ISY1",NA,"ENSG00000240682","CE190","chr3:129140486-129145760","chr3:129144068-129144189","chr3:129140486-129144067","chr3:129144190-129145760","0.0514","not calculated","0.000906","not calculated"
"191","ITGA3",NA,"ENSG00000005884","CE191","chr17:50080376-50081309","chr17:50081097-50081193","chr17:50080376-50081096","chr17:50081194-50081309","0.000103","0.000103","0.0391","0.0391"
"192","ITGA7",NA,"ENSG00000135424","CE192","chr12:55685289-55687970","chr12:55686202-55686314","chr12:55685289-55686201","chr12:55686315-55687970","1.45e-15","1.45e-15","0.294","0.294"
"193","ITPRID2",NA,"ENSG00000138434","CE193","chr2:181909972-181913844","chr2:181911126-181911233","chr2:181909972-181911125","chr2:181911234-181913844","not calculated","not calculated","not calculated","not calculated"
"194","KALRN","1","ENSG00000160145","CE194","chr3:124661929-124666448","chr3:124664145-124664330","chr3:124661929-124664144","chr3:124664331-124666448","4.14e-16","4.14e-16","0.36","0.36"
"195","KALRN","2_long","ENSG00000160145","CE195","chr3:124700034-124702037","chr3:124700977-124701255","chr3:124700034-124700976","chr3:124701256-124702037","6.82e-44","6.82e-44","0.767","0.767"
"196","KALRN","2_short","ENSG00000160145","CE196","chr3:124700034-124702037","chr3:124701093-124701255","chr3:124700034-124701092","chr3:124701256-124702037","6.82e-44","6.82e-44","0.767","0.767"
"197","KCNIP1",NA,"ENSG00000182132","CE197","chr5:170504634-170718757","chr5:170669499-170669660","chr14:74101239-74114005","chr5:170669661-170718757","5.12e-05","9.45e-17","0.0417","9.73e-05"
"198","KCNIP2",NA,"ENSG00000120049","CE198","chr10:101829200-101839752","chr10:101831072-101831167","chr10:101829200-101831071","chr10:101831168-101839752","4.34e-07","not calculated","not calculated","not calculated"
"199","KDM4A","1","ENSG00000066135","CE199","chr1:43653314-43655590","chr1:43653663-43653799","chr1:43653314-43653662","chr1:43653800-43654508","0.0215","not calculated","4.68e-06","not calculated"
"200","KDM4A","2","ENSG00000066135","CE200","chr1:43653314-43655590","chr1:43654509-43654595","chr1:43653800-43654508","chr1:43654596-43655590","not calculated","0.0215","not calculated","4.68e-06"
"201","KIAA0753",NA,"ENSG00000198920","CE201","chr17:6579865-6589778","chr17:6580932-6580975","chr17:6579865-6580931","chr17:6580976-6589778","2.46e-09","2.46e-09","7.3e-06","7.3e-06"
"202","KIAA1549L",NA,"ENSG00000110427","CE202","chr11:33609967-33618532","chr11:33617676-33617832","chr11:33609967-33617675","chr11:33617833-33618532","9.92e-07","9.92e-07","0.00751","0.00751"
"203","KIF21A","1_long","ENSG00000139116","CE203","chr12:39370262-39442926","chr12:39386963-39387055","chr12:39370262-39386962","chr12:39387056-39388318;chr12:39387056-39389223","1.43e-44","not calculated","2.44e-08","0.096, 0.096"
"204","KIF21A","1_short","ENSG00000139116","CE204","chr12:39370262-39442926","chr12:39386971-39387055","chr12:39370262-39386970","chr12:39387056-39388318;chr12:39387056-39389223","1.43e-44","not calculated","2.44e-08","0.096, 0.096"
"205","KIF21A","2","ENSG00000139116","CE205","chr12:39370262-39442926","chr12:39388319-39388535","chr12:39387056-39388318","chr12:39388536-39389223","not calculated","not calculated","0.096","0.096"
"206","KIF21A","3","ENSG00000139116","CE206","chr12:39370262-39442926","chr12:39389224-39389244","chr12:39387056-39389223","chr12:39389245-39442926","not calculated","1.43e-44","0.096","2.44e-08"
"207","KIF21A","4","ENSG00000139116","CE207","chr12:39370262-39442926","chr12:39389621-39389767","chr12:39389245-39389620","chr12:39389768-39442926","not calculated","not calculated","not calculated","not calculated"
"208","KIF26B",NA,"ENSG00000162849","CE208","chr1:245419746-245540766","chr1:245464259-245471302","chr1:245419746-245464258",NA,"4.66e-09",NA,"0.0489",NA
"209","KLHL18",NA,"ENSG00000114648","CE209","chr3:47283095-47319652","chr3:47287220-47287406","chr3:47283095-47287219",NA,"1.49e-09",NA,"0.0196",NA
"210","LDLRAD4",NA,"ENSG00000168675","CE210","chr18:13438385-13621116","chr18:13445160-13445222","chr18:13438385-13445159","chr18:13445223-13621116","6.37e-09","not calculated","not calculated","not calculated"
"211","LIN52",NA,"ENSG00000205659","CE211","chr14:74101239-74198921","chr14:74114006-74117874","chr14:74101239-74114005",NA,"5.12e-05",NA,"0.0417",NA
"212","LINC00963",NA,"ENSG00000204054","CE212","chr9:129493596-129503322","chr9:129497667-129498511",NA,"chr9:129498512-129503322",NA,"3.19e-15",NA,"1.62e-07"
"213","LINC01503",NA,"ENSG00000233901","CE213","chr9:129336989-129338791","chr9:129337785-129337959","chr9:129336989-129337784","chr9:129337960-129338791","1.08e-28","1.08e-28","0.329","0.329"
"214","LINC02506",NA,"ENSG00000251129","CE214","chr4:32155407-32157955","chr4:32157019-32157136","chr4:32155407-32157018","chr4:32157137-32157955","4.44e-47","4.44e-47","0.00194","0.00194"
"215","LINGO1",NA,"ENSG00000169783","CE215","chr15:77615901-77677088","chr15:77640369-77641024",NA,"chr15:77641026-77677088",NA,"1.13e-17",NA,"0.452"
"216","LINGO1",NA,"ENSG00000169783","CE216","chr15:77735054-77795938","chr15:77756560-77756719","chr15:77735054-77756559","chr19:77756720-77677088","2.22e-50","not calculated","0.00233","not calculated"
"217","LRFN1",NA,"ENSG00000128011","CE217","chr19:39316137-39318325","chr19:39316734-39316786","chr19:39316137-39316733","chr19:39316787-39318325","4.69e-15","4.69e-15","0.536","0.536"
"218","LRP8",NA,"ENSG00000157193","CE218","chr1:53271347-53275630","chr1:53274483-53274820","chr1:53271347-53274482","chr1:53274821-53275630","1.32e-08","1.32e-08","0.887","0.887"
"219","LRRC27",NA,"ENSG00000148814","CE219","chr10:132348357-132351606","chr10:132348963-132349057","chr10:132348357-132348962","chr10:132349058-132351606","1.66e-22","1.66e-22","0.193","0.193"
"220","MADD",NA,"ENSG00000110514","CE220","chr11:47324578-47328657","chr11:47324918-47325032","chr11:47324578-47324917","chr11:47325033-47328657","1.35e-19","1.35e-19","0.0376","0.0376"
"221","MAGI2",NA,"ENSG00000187391","CE221","chr7:78346044-78369155","chr7:78367211-78367299","chr7:78346044-78367210","chr7:78367300-78369155","0.0685","not calculated","0.00577","not calculated"
"222","MAP2K5",NA,"ENSG00000137764","CE222","chr15:67772753-67806645","chr15:67774036-67774125","chr15:67772753-67774035","chr15:67774126-67806645","5.02e-11","5.02e-11","6.75e-05","6.75e-05"
"223","MAP6D1",NA,"ENSG00000180834","CE223","chr3:183818112-183825146","chr3:183822316-183822413","chr3:183818112-183822315","chr3:183822414-183825146","not calculated","not calculated","not calculated","not calculated"
"224","MAST1",NA,"ENSG00000105613","CE224","chr19:12841067-12843528","chr19:12842139-12842178","chr19:12841067-12842138","chr19:12842179-12843528","1.98e-09","1.98e-09","4.79e-08","4.79e-08"
"225","MDGA2",NA,"ENSG00000139915","CE225","chr14:46957644-47035010","chr14:46994644-46994727","chr14:46957644-46994643","chr14:46994728-47035010","0.0796","0.0796","not calculated","not calculated"
"226","MED13L",NA,"ENSG00000123066","CE226","chr12:116022602-116096668","chr12:116054245-116054357","chr12:116022602-116054244","chr12:116054358-116096668","9.22e-16","9.22e-16","4.38e-05","4.38e-05"
"227","METTL14",NA,"ENSG00000145388","CE227","chr4:118700643-118703934","chr4:118702886-118702935","chr4:118700643-118702885","chr4:118702936-118703934","0.000269","0.000269","0.00204","0.00204"
"228","MFSD1",NA,"ENSG00000118855","CE228","chr3:158824237-158826014","chr3:158825178-158825301","chr3:158824237-158825177","chr3:158825302-158826014","0.244","0.244","0.000486","0.000486"
"229","MGAT5B",NA,"ENSG00000167889","CE229","chr17:76932776-76937987","chr17:76937229-76937368","chr17:76932776-76937228","chr17:76937369-76937987","not calculated","not calculated","not calculated","not calculated"
"230","MNAT1",NA,"ENSG00000020426","CE230","chr14:60812128-60818721","chr14:60817918-60817949","chr14:60812128-60817917","chr14:60817950-60818721","6.18e-18","6.18e-18","0.0811","0.0811"
"231","MNAT1","leaky","ENSG00000020426","CE231","chr14:60798161-60808324","chr14:60799259-60799391","chr14:60798161-60799258","chr14:60799392-60808324","0.132","0.132","not calculated","not calculated"
"232","MPP2",NA,"ENSG00000108852","CE232","chr17:43883356-43898261","chr17:43884084-43884155","chr17:43883356-43884083","chr17:43884156-43898261","1.63e-11","1.63e-11","0.104","0.104"
"233","MRPL1",NA,"ENSG00000169288","d","chr4:77894251-77909265","chr4:77906946-77907210","chr4:77894251-77906945","chr4:77907211-77909265","0.0186","0.0186","8.02e-08","8.02e-08"
"234","MRPL42",NA,"ENSG00000198015","CE234","chr12:93469356-93476953","chr12:93470486-93470590","chr12:93469356-93470485","chr12:93470591-93476953","0.000963","0.000963","0.000524","0.000524"
"235","MTERF4",NA,"ENSG00000122085","CE235","chr2:241097428-241099395","chr2:241098806-241099395","chr2:241097428-241098805",NA,"0.221",NA,"0.00822",NA
"236","MTMR3",NA,"ENSG00000100330","CE236","chr22:30002994-30007113","chr22:30003898-30004021","chr22:30002994-30003897","chr22:30004022-30007113","0.0213","0.0213","0.0154","0.0154"
"237","MTSS2",NA,"ENSG00000132613","CE237","chr16:70665541-70674305","chr16:70668999-70669046","chr16:70665541-70668998","chr16:70669047-70674305","9.8e-27","9.8e-27","6.52e-05","6.52e-05"
"238","MYO18A","1","ENSG00000196535","CE238","chr17:29124689-29165941","chr17:29130372-29130408","chr17:29124689-29130371","chr17:29130409-29131382","4.71e-20","not calculated","0.0581","not calculated"
"239","MYO18A","2","ENSG00000196535","CE239","chr17:29124689-29165941","chr17:29131383-29131442","chr17:29124689-29131382","chr17:29131443-29165941","4.71e-20","4.71e-20","0.0581","0.0581"
"240","NADSYN1",NA,"ENSG00000172890","CE240","chr11:71498529-71501301","chr11:71498887-71499039","chr11:71498529-71498886","chr11:71499040-71501301","not calculated","not calculated","not calculated","not calculated"
"241","NANS",NA,"ENSG00000095380","CE241","chr9:98077018-98078192","chr9:98078062-98078192","chr9:98077018-98078061",NA,"0.108",NA,"0.0017",NA
"242","NBAS","long","ENSG00000151779","CE242","chr2:15330766-15351991","chr2:15338711-15338842","chr2:15330766-15338710","chr2:15338843-15351991","not calculated","1.71e-14","not calculated","0.000209"
"243","NBAS","short","ENSG00000151779","CE242","chr2:15330766-15351991","chr2:15338731-15338842","chr2:15330766-15338730","chr2:15338843-15351991","1.71e-14","1.71e-14","0.000209","0.000209"
"244","NCBP3",NA,"ENSG00000074356","CE243","chr17:3822053-3824941","chr17:3824060-3824092","chr17:3822053-3824059","chr17:3824093-3824941","2.47e-06","2.47e-06","0.537","0.537"
"245","NCOR2","1","ENSG00000196498","CE244","chr12:124473132-124483595","chr12:124476659-124476764","chr12:124473132-124476658","chr12:124476765-124479596","1.75e-28","not calculated","0.0425","not calculated"
"246","NCOR2","2","ENSG00000196498","CE245","chr12:124473132-124483595","chr12:124479597-124479690","chr12:124473132-124479596","chr12:124479691-124483595","1.75e-28","1.75e-28","0.0425","0.0425"
"247","NDUFA12",NA,"ENSG00000184752","CE246","chr12:94994258-95002738","chr12:94997308-94997410","chr12:94994258-94997307","chr12:94997411-95002738","1.88e-16","1.88e-16","1.43e-15","1.43e-15"
"248","NECAB2",NA,"ENSG00000103154","CE247","chr16:83990631-83994301","chr16:83993528-83993614","chr16:83990631-83993527","chr16:83993615-83994301","2.3e-23","2.3e-23","0.523","0.523"
"249","NIPSNAP3A",NA,"ENSG00000136783","CE248","chr9:104753065-104754550","chr9:104753584-104753675","chr9:104753065-104753583","chr9:104753676-104754550","5.66e-05","5.66e-05","7.35e-12","7.35e-12"
"250","NKAIN3",NA,"ENSG00000185942","CE249","chr8:62747130-62918452","chr8:62749703-62754621","chr8:62747130-62749702",NA,"0.0228",NA,"0.00944",NA
"251","NKD1",NA,"ENSG00000140807","CE250","chr16:50608361-50621601","chr16:50620845-50620949","chr16:50608361-50620844","chr16:50620950-50621601","5.67e-17","5.67e-17","not calculated","not calculated"
"252","NLGN3",NA,"ENSG00000196338","CE251","chrX:71148207-71148845","chrX:71148664-71148695","chrX:71148207-71148663","chrX:71148696-71148845","0.000696","0.000696","0.288","0.288"
"253","NOL4",NA,"ENSG00000101746","CE252","chr18:33957518-33958238","chr18:33958020-33958129","chr18:33957518-33958019","chr18:33958130-33958238","5.09e-08","5.09e-08","3.4e-05","3.4e-05"
"254","NPEPL1",NA,"ENSG00000215440","CE253","chr20:58694593-58698683","chr20:58694812-58698683","chr20:58694593-58694811",NA,"not calculated",NA,"not calculated",NA
"255","NRXN2",NA,"ENSG00000110076","CE254","chr11:64697793-64712969","chr11:64699054-64699108","chr11:64697793-64699053","chr11:64699109-64712969","0.000704","0.000704","7.86e-06","7.86e-06"
"256","NSMCE4A",NA,"ENSG00000107672","CE255","chr10:121971070-121974003","chr10:121973523-121973599","chr10:121971070-121973522","chr10:121973600-121974003","2.07e-11","2.07e-11","0.0548","0.0548"
"257","NTM",NA,"ENSG00000182667","CE256","chr11:131370889-131911563","chr11:131867187-131867344","chr11:131370889-131867186","chr11:131867345-131911563","not calculated","not calculated","not calculated","not calculated"
"258","NUP133",NA,"ENSG00000069248","CE257","chr1:229465520-229466633","chr1:229465745-229465887","chr1:229465520-229465744","chr1:229465888-229466633","0.283","0.283","0.000193","0.000193"
"259","NUP188",NA,"ENSG00000095319","CE258","chr9:128952847-128956349","chr9:128956141-128956174","chr9:128952847-128956140","chr9:128956175-128956349","1.29e-20","1.29e-20","0.00393","0.00393"
"260","NYNRIN",NA,"ENSG00000205978","CE259","chr14:24411451-24412996","chr14:24412644-24412691","chr14:24411451-24412643","chr14:24412692-24412996","1.05e-16","1.05e-16","0.00155","0.00155"
"261","ONECUT1","1","ENSG00000169856","CE260","chr15:52757848-52788779","chr15:52775778-52777690",NA,"chr15:52777691-52780595;chr15:52777691-52788779",NA,"3.32e-18, 3.32e-18",NA,"0.0203, 0.0203"
"262","ONECUT1","2","ENSG00000169856","CE261","chr15:52757848-52788779","chr15:52780596-52780742","chr15:52777691-52780595","chr15:52780743-52788779","3.32e-18","3.32e-18","0.0203","0.0203"
"263","OPCML",NA,"ENSG00000183715","CE262","chr11:132420294-132436085","chr11:132435159-132435185","chr11:132420294-132435158","chr11:132435186-132436085","6.16e-06","6.16e-06","0.844","0.844"
"264","PAOX",NA,"ENSG00000148832","CE263","chr10:133389748-133391311","chr10:133390907-133391098","chr10:133389748-133390906","chr10:133391099-133391311","not calculated","not calculated","not calculated","not calculated"
"265","PBX1","1","ENSG00000185630","CE264","chr1:164563312-164792493","chr1:164741610-164741735","chr1:164563312-164741609","chr1:164741730-164792493;chr1:164741736-164792493","4.07e-42","4.07e-42, 4.07e-42","0.0324","0.0324, 0.0324"
"266","PBX1","2","ENSG00000185630","CE265","chr1:164563312-164792493","chr1:164748657-164748842","chr1:164741736-164748656;chr1:164741730-164748656","chr1:164748843-164792493","not calculated","4.07e-42","not calculated","0.0324"
"267","PCBP3",NA,"ENSG00000183570","CE266","chr21:45755453-45849960","chr21:45788298-45788377","chr21:45755453-45788297","chr21:45788378-45849960","4.53e-15","not calculated","0.0213","not calculated"
"268","PCHF12",NA,"ENSG00000109118","CE267","chr17:28914038-28917284","chr17:28914989-28915448",NA,"chr17:28915449-28917284",NA,"0.00106",NA,"0.406"
"269","PCSK1N",NA,"ENSG00000102109","CE268","chrX:48832342-48835418","chrX:48834422-48834590","chrX:48832342-48834421","chrX:48834591-48835418","5.59e-32","5.59e-32","2.22e-11","2.22e-11"
"270","PFKP",NA,"ENSG00000067057","CE269","chr10:3099353-3101364","chr10:3099557-3099819","chr10:3099353-3099556","chr10:3099820-3101364","4.38e-19","4.38e-19","0.00309","0.00309"
"271","PHF2",NA,"ENSG00000197724","CE270","chr9:93660561-93662906","chr9:93661348-93661807","chr9:93660561-93661347",NA,"4.94e-14",NA,"0.055",NA
"272","PHKB","1","ENSG00000102893","CE271","chr16:47511773-47515520","chr16:47513776-47514800","chr16:47511773-47513775","chr16:47514801-47515520","0.0128","0.0128","0.00285","0.00285"
"273","PHKB","2","ENSG00000102893","CE272","chr16:47650922-47660505","chr16:47658600-47658717","chr16:47650922-47658599","chr16:47658718-47660505","not calculated","not calculated","not calculated","not calculated"
"274","PHLPP1",NA,"ENSG00000081913","CE273","chr18:62915009-62919958","chr18:62916491-62916601","chr18:62915009-62916490","chr18:62916602-62919958","1.3e-06","1.3e-06","not calculated","not calculated"
"275","PIGU","1","ENSG00000101464","CE274","chr20:34588608-34616041","chr20:34591900-34592185","chr20:34588608-34591899","chr20:34592186-34592834","0.00153","0.00153","2.39e-07","2.39e-07"
"276","PIGU","2","ENSG00000101464","CE275","chr20:34588608-34616041","chr20:34592835-34592868","chr20:34588608-34592834","chr20:34592869-34616041","0.00153","0.00153","2.39e-07","2.39e-07"
"277","PIGU","3","ENSG00000101464","CE276","chr20:34637986-34644163","chr20:34640697-34640734","chr20:34637986-34640696","chr20:34640735-34644163","1.82e-09","1.82e-09","0.011","0.011"
"278","PIH1D1",NA,"ENSG00000104872","CE277","chr19:49450849-49451484","chr19:49450849-49450939",NA,"chr19:49450940-49451484",NA,"0.0236",NA,"3.98e-05"
"279","PKN1",NA,"ENSG00000123143","CE278","chr19:14446562-14450317","chr19:14450088-14450214","chr19:14446562-14450087","chr19:14450215-14450317","3.36e-17","3.36e-17","6.46e-05","6.46e-05"
"280","PLXNB2",NA,"ENSG00000196576","CE279","chr22:50294779-50307552","chr22:50296261-50296392","chr22:50295430-50296260","chr22:50296393-50307552","0.000474","not calculated","4.55e-05","not calculated"
"281","POMT1",NA,"ENSG00000130714","CE280","chr9:131504341-131506113","chr9:131504341-131504649",NA,"chr9:131504650-131506113",NA,"1.54e-11",NA,"0.00434"
"282","POU2F2",NA,"ENSG00000028277","CE281","chr19:42122577-42160331","chr19:42130343-42130499","chr19:42122577-42130342","chr19:42130500-42160331","2.05e-15","2.05e-15","0.522","0.522"
"283","PPFIBP1",NA,"ENSG00000110841","CE282","chr12:27676600-27679488","chr12:27677064-27677096","chr12:27676600-27677063","chr12:27677097-27679488","not calculated","not calculated","not calculated","not calculated"
"284","PPM1H",NA,"ENSG00000111110","CE283","chr12:62689807-62693935","chr12:62692024-62692072","chr12:62689807-62692023","chr12:62692073-62693935","9.31e-07","9.31e-07","1.47e-06","1.47e-06"
"285","PPP6R1",NA,"ENSG00000105063","CE284","chr19:55240301-55240944","chr19:55240301-55240491",NA,"chr19:55240492-55240944",NA,"4.79e-06",NA,"0.00146"
"286","PPP6R3",NA,"ENSG00000110075","CE285","chr11:68554258-68558565","chr11:68558178-68558349","chr11:68554258-68558177","chr11:68558350-68558565","1.03e-08","1.03e-08","0.00137","0.00137"
"287","PRELID3A",NA,"ENSG00000141391","CE286","chr18:12429437-12431149","chr18:12430178-12430292","chr18:12429437-12430177","chr18:12430293-12431149","1.24e-20","1.24e-20","not calculated","not calculated"
"288","PRKG2","1","ENSG00000138669","CE287","chr4:81110612-81135154","chr4:81110808-81110890","chr4:81110612-81110807","chr4:81110891-81135154","1.27e-08","1.27e-08","not calculated","not calculated"
"289","PRKG2","2","ENSG00000138669","CE288","chr4:81137483-81140532","chr4:81139454-81139601","chr4:81137483-81139453","chr4:81139602-81140532","3.49e-06","3.49e-06","0.0135","0.0135"
"290","PSD","long","ENSG00000059915","CE289","chr10:102417122-102418700","chr10:102417940-102418046","chr10:102417122-102417939","chr10:102418047-102418700","6.69e-76","6.69e-76","0.00814","0.00814"
"291","PSD","short","ENSG00000059915","CE290","chr10:102417122-102418700","chr10:102417908-102418046","chr10:102417122-102417907","chr10:102418047-102418700","6.69e-76","6.69e-76","0.00814","0.00814"
"292","PTPN12",NA,"ENSG00000127947","CE291","chr7:77600807-77607234","chr7:77604879-77604935","chr7:77600807-77604878","chr7:77604936-77607234","0.000955","0.000955","1.35e-08","1.35e-08"
"293","PTPRD",NA,"ENSG00000153707","CE292","chr9:9018736-9183303","chr9:9127165-9127206","chr9:9018736-9127164","chr9:9127207-9183303","1.4e-31","1.4e-31","0.00448","0.00448"
"294","PTPRN2","1","ENSG00000155093","CE293","chr7:157682938-157898672","chr7:157690552-157690857","chr7:157682938-157690551",NA,"4.18e-06",NA,"0.00031",NA
"295","PTPRN2","2","ENSG00000155093","CE294","chr7:157898738-158081297","chr7:158021907-158023626",NA,"chr7:158023627-158040510;chr7:158023627-158040515",NA,"not calculated",NA,"not calculated"
"296","PTPRN2","3_long","ENSG00000155093","CE295","chr7:157898738-158081297","chr7:158040511-158040550","chr7:158023627-158040510","chr7:158040551-158081297","not calculated","2.37e-09","not calculated","0.283"
"297","PTPRN2","3_short","ENSG00000155093","CE296","chr7:157898738-158081297","chr7:158040516-158040550","chr7:158023627-158040515","chr7:158040551-158081297","not calculated","2.37e-09","not calculated","0.283"
"298","PTPRN2","4","ENSG00000155093","CE297","chr7:158081378-158110828","chr7:158099929-158100856",NA,"chr7:158100857-158110828",NA,"5.46e-15",NA,"0.02"
"299","PTPRT",NA,"ENSG00000196090","CE298","chr20:42098553-42102123","chr20:42099129-42099289","chr20:42098553-42099128","chr20:42099290-42102123","1.93e-07","1.93e-07","0.000112","0.000112"
"300","PXDN",NA,"ENSG00000130508","CE299","chr2:1649676-1653627","chr2:1650800-1650886","chr2:1649676-1650799","chr2:1650887-1653627","4.69e-35","4.69e-35","0.503","0.503"
"301","RAB40B",NA,"ENSG00000141542","CE300","chr17:82664557-82698454","chr17:82696389-82696853","chr17:82664557-82696388","chr17:82696854-82698454","3.12e-11","3.12e-11","0.0496","0.0496"
"302","RAI1",NA,"ENSG00000108557","CE301","chr17:17724160-17792932","chr17:17792164-17792300","chr17:17724160-17792163","chr17:17792301-17792932","not calculated","3.89e-07","not calculated","0.546"
"303","RAI2","1_long","ENSG00000131831","CE302","chrX:17802035-17837536","chrX:17837537-17837733","chrX:17802035-17837536","chrX:17837734-17838999","1.72e-23","not calculated","0.0303","not calculated"
"304","RAI2","1_short","ENSG00000131831","CE303","chrX:17802035-17837536","chrX:17837537-17837730","chrX:17802035-17837536","chrX:17837731-17838999","1.72e-23","not calculated","0.0303","not calculated"
"305","RAI2","2","ENSG00000131831","CE304","chrX:17837734-17861097","chrX:17839000-17839105","chrX:17837734-17838999;chrX:17802035-17838999;chrX:17837730-17838999;chrX:17837733-17838999","chrX:17839106-17861097","not calculated","1.72e-23","not calculated","0.0303"
"306","RALGAPA2","1","ENSG00000188559","CE305","chr20:20472957-20495116","chr20:20490914-20491001","chr20:20472957-20490913","chr20:20491002-20495116","6.66e-34","6.66e-34","0.00505","0.00505"
"307","RALGAPA2","2","ENSG00000188559","CE306","chr20:20472957-20495116","chr20:20491485-20491538","chr20:20491002-20491484","chr20:20491539-20495116","6.66e-34","6.66e-34","0.00505","0.00505"
"308","RALY",NA,"ENSG00000125970","CE307","chr20:34072331-34073562","chr20:34072870-34072914","chr20:34072331-34072869","chr20:34072915-34073562","1.32e-18","1.32e-18","8.07e-06","8.07e-06"
"309","RANBP1",NA,"ENSG00000099901","CE308","chr22:20122422-20125307","chr22:20122580-20122697","chr22:20122422-20122579","chr22:20122698-20125307","3.84e-20","3.84e-20","0.000307","0.000307"
"310","RANBP17",NA,"ENSG00000204764","CE309","chr5:171265848-171293882","chr5:171271151-171271277","chr5:171265848-171271150",NA,"3.93e-11",NA,"0.0398",NA
"311","RAP1GAP",NA,"ENSG00000076864","CE310","chr1:21598503-21599493","chr1:21598723-21598820","chr1:21598503-21598722","chr1:21598821-21599493","3.92e-12","3.92e-12","0.167","0.167"
"312","RASA3",NA,"ENSG00000185989","CE311","chr13:113981859-113992484","chr13:113992155-113992184","chr13:113981859-113992154","chr13:113992185-113992484","not calculated","5.3e-06","not calculated","0.181"
"313","RBCK1",NA,"ENSG00000125826","CE312","chr20:410026-417525","chr20:417220-417342","chr20:410026-417219","chr20:417343-417525","3.91e-07","not calculated","0.000531","not calculated"
"314","RGPD4",NA,"ENSG00000196862","CE313","chr2:107872929-107879967","chr2:107878621-107878820","chr2:107872929-107878620","chr2:107878821-107879967","5.13e-11","5.13e-11","not calculated","not calculated"
"315","RGS7",NA,"ENSG00000182901","CE314","chr1:241098763-241355698","chr1:241101833-241102176","chr1:241098763-241101832","chr1:241102177-241355698","0.00525","not calculated","0.00117","not calculated"
"316","RIN2",NA,"ENSG00000132669","CE315","chr20:19965025-19970837","chr20:19968392-19968424","chr20:19965025-19968391","chr20:19968425-19970837","not calculated","not calculated","not calculated","not calculated"
"317","RNASET2",NA,"ENSG00000026297","CE316","chr6:166952549-166956096","chr6:166955484-166955627","chr6:166952549-166955483","chr6:166955628-166956096","not calculated","2.52e-07","not calculated","0.709"
"318","RNF115",NA,"ENSG00000265491","CE317","chr1:145784597-145788907","chr1:145788612-145788802","chr1:145784597-145788611","chr1:145788803-145788907","5.01e-09","5.01e-09","9.1e-06","9.1e-06"
"319","RNF144A",NA,"ENSG00000151692","CE318","chr2:7030216-7039628","chr2:7031277-7033089","chr2:7030216-7031276","chr2:7033090-7039628","1.39e-15","not calculated","0.000272","not calculated"
"320","RNF20",NA,"ENSG00000155827","CE319","chr9:101557597-101560800","chr9:101559923-101560065","chr9:101557597-101559922","chr9:101560066-101560800","7.13e-05","7.13e-05","5.7e-05","5.7e-05"
"321","RNFT2","1","ENSG00000135119","CE320","chr12:116779349-116833791","chr12:116788636-116788712","chr12:116779349-116788635","chr12:116788713-116790033","not calculated","not calculated","not calculated","not calculated"
"322","RNFT2","2","ENSG00000135119","CE321","chr12:116779349-116833791","chr12:116790034-116790087","chr12:116788713-116790033","chr12:116790088-116833791","not calculated","not calculated","not calculated","not calculated"
"323","ROBO2","1","ENSG00000185008","CE322","chr3:77622433-77634869","chr3:77624268-77624298","chr3:77622433-77624267","chr3:77624299-77634869","0.000432","0.000432","0.0112","0.0112"
"324","ROBO2","2","ENSG00000185008","CE323","chr3:77622433-77634869","chr3:77624574-77624658","chr3:77624299-77624573","chr3:77624659-77634869","0.000432","0.000432","0.0112","0.0112"
"325","RPGRIP1L",NA,"ENSG00000103494","CE324","chr16:53622357-53636438","chr16:53622890-53623000","chr16:53622357-53622889","chr16:53623001-53636438","not calculated","6.96e-10","not calculated","not calculated"
"326","RPS6KB1",NA,"ENSG00000108443","CE325","chr17:59936542-59940835","chr17:59937578-59937774","chr17:59936542-59937577","chr17:59937775-59940835","3.52e-05","3.52e-05","4.22e-05","4.22e-05"
"327","RPUSD4",NA,"ENSG00000165526","CE326","chr11:126205782-126209520","chr11:126206254-126206553","chr11:126205782-126206253","chr11:126206554-126209520","0.2","0.2","3.03e-10","3.03e-10"
"328","RRAGB",NA,"ENSG00000083750","CE327","chrX:55753515-55755840","chrX:55755068-55755206","chrX:55753515-55755067","chrX:55755207-55755840","0.00932","0.00932","1.42e-06","1.42e-06"
"329","RSF1",NA,"ENSG00000048649","CE328","chr11:77764690-77820527","chr11:77813214-77813783",NA,"chr11:77813784-77820527;chr11:77813788-77820527",NA,"5.79e-22, 5.79e-22",NA,"0.00598, 0.00598"
"330","SANBR",NA,"ENSG00000162929","CE329","chr2:61088469-61092463","chr2:61090479-61090694","chr2:61088469-61090478","chr2:61090695-61092463","1.57e-11","1.57e-11","0.00335","0.00335"
"331","SAT1",NA,"ENSG00000130066","CE330","chrX:23783884-23785327","chrX:23784294-23784403","chrX:23783884-23784293","chrX:23784404-23785327","0.0294","0.0294","7.72e-07","7.72e-07"
"332","SCAMP5",NA,"ENSG00000198794","CE331","chr15:74995674-75011791","chr15:75009891-75009940","chr15:75007729-75009890","chr15:75009941-75011791","6.51e-49","6.51e-49","0.000187","0.000187"
"333","SCARB1",NA,"ENSG00000073060","CE332","chr12:124817708-124863594","chr12:124862380-124862497","chr12:124817708-124862379","chr12:124862498-124863594","4.65e-07","4.65e-07","0.000832","0.000832"
"334","SCUBE3","long","ENSG00000146197","CE333","chr6:35214504-35227579","chr6:35218014-35218198","chr6:35214504-35218013","chr6:35218199-35227579","1.11e-14","1.11e-14","0.0213","0.0213"
"335","SCUBE3","short","ENSG00000146197","CE334","chr6:35214504-35227579","chr6:35218126-35218198","chr6:35214504-35218125","chr6:35218199-35227579","1.11e-14","1.11e-14","0.0213","0.0213"
"336","SCYL2",NA,"ENSG00000136021","CE335","chr12:100317926-100323524","chr12:100319224-100319286","chr12:100317926-100319223","chr12:100319287-100323524","1.17e-05","1.17e-05","0.00449","0.00449"
"337","SDAD1",NA,"ENSG00000198301","CE336","chr4:75982038-75990751","chr4:75984832-75984893","chr4:75982038-75984831","chr4:75984894-75990751","1.47e-20","1.47e-20","2.28e-08","2.28e-08"
"338","SEC24B",NA,"ENSG00000138802","CE337","chr4:109494857-109506330","chr4:109499847-109500054","chr4:109494857-109499846","chr4:109500055-109506330","not calculated","0.00216","not calculated","0.0324"
"339","SEMA4D","1","ENSG00000187764","CE338","chr9:89455954-89497918","chr9:89474539-89474623","chr9:89455954-89474538","chr9:89474624-89475484","2.76e-34","2.76e-34","1.49e-05","1.49e-05"
"340","SEMA4D","2","ENSG00000187764","CE339","chr9:89455954-89497918","chr9:89475485-89475550","chr9:89474624-89475484","chr9:89475551-89477590","2.76e-34","2.76e-34","1.49e-05","1.49e-05"
"341","SEMA4D","3","ENSG00000187764","CE340","chr9:89455954-89497918","chr9:89477591-89477674","chr9:89475551-89477590","chr9:89477675-89497918","2.76e-34","not calculated","1.49e-05","not calculated"
"342","SEMA6D",NA,"ENSG00000137872","CE341","chr15:47412473-47470473","chr15:47469226-47469299","chr15:47412473-47469225","chr15:47469300-47470473","2.08e-28","2.08e-28","5.35e-06","5.35e-06"
"343","SEPTIN11",NA,"ENSG00000138758","CE342","chr4:77030971-77034496","chr4:77032457-77032553","chr4:77030971-77032456","chr4:77032554-77034496","1.92e-14","1.92e-14","0.00374","0.00374"
"344","SERGEF","1","ENSG00000129158","CE343","chr11:17788414-17878207","chr11:17863566-17863782","chr11:17788414-17863565;chr11:17846762-17863565","chr11:17863783-17878207","7.88e-15, 7.88e-15","not calculated","0.00221, 0.00221","not calculated"
"345","SERGEF","2","ENSG00000129158","CE344","chr11:18010140-18012850","chr11:18011689-18011762","chr11:18010140-18011688","chr11:18011763-18012850","2.84e-09","not calculated","0.00199","not calculated"
"346","SETD5","long","ENSG00000168137","CE345","chr3:9464673-9470458","chr3:9468519-9468615","chr3:9464673-9468518","chr3:9468616-9470458","5.15e-54","5.15e-54","1.44e-14","1.44e-14"
"347","SETD5","short","ENSG00000168137","CE346","chr3:9464673-9470458","chr3:9468519-9468575","chr3:9464673-9468518","chr3:9468576-9470458","5.15e-54","5.15e-54","1.44e-14","1.44e-14"
"348","SEZ6L",NA,"ENSG00000100095","CE347","chr22:26169764-26292405","chr22:26195581-26195698","chr22:26169764-26195580","chr22:26195699-26292405","6.75e-06","not calculated","0.015","not calculated"
"349","SHANK1","1","ENSG00000161681","CE348","chr19:50689280-50697588","chr19:50697096-50697122","chr19:50689280-50697095","chr19:50697123-50697588","7.31e-12","7.31e-12","0.206","0.206"
"350","SHANK1","2","ENSG00000161681","CE349","chr19:50704515-50711370","chr19:50708551-50708843",NA,"chr19:50708844-50711370",NA,"1.93e-06",NA,"0.0328"
"351","SHQ1",NA,"ENSG00000144736","CE350","chr3:72750837-72792915","chr3:72762906-72763014","chr3:72750837-72762905","chr3:72763015-72792915","1.88e-09","1.88e-09","1.65e-05","1.65e-05"
"352","SIPA1L3",NA,"ENSG00000105738","CE351","chr19:37907359-38029088","chr19:38008096-38008195","chr19:37907359-38008095","chr19:38008196-38029088","not calculated","not calculated","not calculated","not calculated"
"353","SLC1A6","1","ENSG00000105143","CE352","chr19:14972918-14979308","chr19:14976761-14977032","chr19:14972918-14976760","chr19:14977033-14979308;chr19:14977033-14978119","2.16e-14","not calculated","0.151","not calculated"
"354","SLC1A6","2_long","ENSG00000105143","CE353","chr19:14972918-14979308","chr19:14978120-14978280","chr19:14972918-14978119","chr19:14978281-14979308;chr19:14978281-14979512","not calculated","2.16e-14","not calculated","0.151"
"355","SLC1A6","2_short","ENSG00000105143","CE354","chr19:14972918-14979512","chr19:14979000-14979046","chr19:14972918-14978999","chr19:14979047-14979512;chr19:14979047-14979308","not calculated","not calculated","not calculated","not calculated"
"356","SLC22A15","1","ENSG00000163393","CE355","chr1:116031582-116035186","chr1:116032647-116032800","chr1:116031582-116032646","chr1:116032801-116033757","1.74e-07","1.74e-07","7.58e-05","7.58e-05"
"357","SLC22A15","2","ENSG00000163393","CE356","chr1:116031582-116035186","chr1:116033758-116033871","chr1:116032801-116033757","chr1:116033872-116035186","1.74e-07","1.74e-07","7.58e-05","7.58e-05"
"358","SLC24A3","long","ENSG00000185052","CE357","chr20:19681992-19684175","chr20:19683910-19683960","chr20:19681992-19683909","chr20:19683961-19684175","5.05e-24","5.05e-24","0.152","0.152"
"359","SLC24A3","short","ENSG00000185052","CE358","chr20:19681992-19684175","chr20:19683913-19683960","chr20:19681992-19683912","chr20:19683961-19684175","5.05e-24","5.05e-24","0.152","0.152"
"360","SLC26A11",NA,"ENSG00000181045","CE359","chr17:80223338-80225836","chr17:80224082-80224172","chr17:80223338-80224081","chr17:80224173-80225836","not calculated","not calculated","not calculated","not calculated"
"361","SLF2",NA,"ENSG00000119906","CE360","chr10:100938737-100944025","chr10:100940405-100940502","chr10:100938737-100940404","chr10:100940503-100944025","2.71e-06","2.71e-06","0.000813","0.000813"
"362","SLF2","leaky","ENSG00000119906","CE361","chr10:100931079-100937401","chr10:100933401-100933432","chr10:100931079-100933400","chr10:100933433-100937401","5.85e-05","5.85e-05","not calculated","not calculated"
"363","SLMAP",NA,"ENSG00000163681","CE362","chr3:57890101-57896510","chr3:57896247-57896371","chr3:57890101-57896246","chr3:57896372-57896510","0.0125","0.0125","0.00591","0.00591"
"364","SPEG",NA,"ENSG00000072195","CE363","chr2:219464609-219466056","chr2:219465596-219465786","chr2:219464609-219465595","chr2:219465787-219466056","6.75e-23","6.75e-23","0.00701","0.00701"
"365","SPPL2B",NA,"ENSG00000005206","CE364","chr19:2334722-2337442","chr19:2337115-2337333","chr19:2334722-2337114","chr19:2337334-2337442","3.21e-06","3.21e-06","0.0295","0.0295"
"366","STIMATE",NA,"ENSG00000213533","CE365","chr3:52855445-52897290","chr3:52895878-52895955","chr3:52855445-52895877","chr3:52895956-52897290","0.000325","0.000325","0.0632","0.0632"
"367","STMN2",NA,"ENSG00000104435","CE366","chr8:79611215-79636801","chr8:79616822-79617023","chr8:79611215-79616821",NA,"4.42e-15",NA,"0.248, 9.56e-05",NA
"368","STXBP5L","long","ENSG00000145087","CE367","chr3:120908335-120909570","chr3:120908335-120908428",NA,"chr3:120908429-120909570",NA,"not calculated",NA,"not calculated"
"369","STXBP5L","short","ENSG00000145087","CE368","chr3:120908335-120909570","chr3:120908335-120908416",NA,"chr3:120908417-120909570",NA,"not calculated",NA,"not calculated"
"370","SUGP1",NA,"ENSG00000105705","CE369","chr19:19302389-19303347","chr19:19302389-19302446",NA,"chr19:19302447-19303347",NA,"2.33e-05",NA,"0.00586"
"371","SULT4A1",NA,"ENSG00000130540","CE370","chr22:43826114-43829059","chr22:43827514-43827640","chr22:43826114-43827513","chr22:43827641-43829059","0.0177","0.0177","6.77e-07","6.77e-07"
"372","SYNE1",NA,"ENSG00000131018","CE371","chr6:152244657-152249160","chr6:152247823-152247944","chr6:152244657-152247822","chr6:152247945-152249160","1.86e-22","1.86e-22","0.138","0.138"
"373","SYT7",NA,"ENSG00000011347","CE372","chr11:61547309-61551383","chr11:61547530-61547620","chr11:61547309-61547529","chr11:61547621-61551383","4.66e-56","4.66e-56","4.39e-20","4.39e-20"
"374","SYT7","leaky","ENSG00000011347","CE373","chr11:61546256-61547176","chr11:61546535-61546659","chr11:61546256-61546534","chr11:61546660-61547176","4.66e-56","4.66e-56","4.39e-20","4.39e-20"
"375","TAOK1",NA,"ENSG00000160551","CE374","chr17:29534301-29542560","chr17:29534874-29534928","chr17:29534301-29534873","chr17:29534929-29542560","2.19e-21","2.19e-21","0.45","0.45"
"376","TAOK3",NA,"ENSG00000135090","CE375","chr12:118151159-118152226","chr12:118151927-118151995","chr12:118151159-118151926","chr12:118151996-118152226","4.87e-18","4.87e-18","0.0954","0.0954"
"377","TBCK",NA,"ENSG00000145348","CE376","chr4:106252008-106260436","chr4:106254947-106255047","chr4:106252008-106254946","chr4:106255048-106260436","1.98e-05","1.98e-05","4.68e-05","4.68e-05"
"378","TBL1XR1",NA,"ENSG00000177565","CE377","chr3:177034326-177038097","chr3:177037637-177037842","chr3:177034326-177037636","chr3:177037843-177038097","8.86e-08","not calculated","0.206","not calculated"
"379","TFAP2E",NA,"ENSG00000116819","CE378","chr1:35588553-35589929","chr1:35589019-35589133","chr1:35588553-35589018","chr1:35589134-35589929","1.25e-06","1.25e-06","0.00385","0.00385"
"380","TGFB3",NA,"ENSG00000119699","CE379","chr14:75959346-75960922","chr14:75960814-75960922","chr14:75959346-75960813",NA,"2.57e-05",NA,"not calculated",NA
"381","THADA",NA,"ENSG00000115970","CE380","chr2:43320541-43344121","chr2:43333155-43333263","chr2:43320541-43333154","chr2:43333264-43344121","0.00976","0.00976","0.00276","0.00276"
"382","TMEM117",NA,"ENSG00000139173","CE381","chr12:43836197-43844623","chr12:43836744-43836901","chr12:43836197-43836743","chr12:43836902-43844623","1.55e-17","1.55e-17","not calculated","not calculated"
"383","TMX3",NA,"ENSG00000166479","CE382","chr18:68687766-68691294","chr18:68689948-68689981","chr18:68687766-68689947","chr18:68689982-68691294","not calculated","1.94e-05","not calculated","0.00021"
"384","TNKS2",NA,"ENSG00000107854","CE383","chr10:91828407-91830922","chr10:91830034-91830094","chr10:91828407-91830033","chr10:91830095-91830922","2.56e-07","2.56e-07","0.000136","0.000136"
"385","TRAF3",NA,"ENSG00000131323","CE384","chr14:102876526-102886188","chr14:102878240-102878329","chr14:102876526-102878239","chr14:102878330-102886188","7.21e-07","7.21e-07","0.0025","0.0025"
"386","TRAPPC12","long","ENSG00000171853","CE385","chr2:3457694-3460262","chr2:3457795-3458515","chr2:3457694-3457794","chr2:3458516-3460262","3.18e-24","3.18e-24","3.79e-06","3.79e-06"
"387","TRAPPC12","short","ENSG00000171853","CE386","chr2:3457694-3460262","chr2:3458462-3458515","chr2:3457694-3458461","chr2:3458516-3460262","3.18e-24","3.18e-24","3.79e-06","3.79e-06"
"388","TRIM24",NA,"ENSG00000122779","CE387","chr7:138538804-138551062","chr7:138545251-138545361","chr7:138538804-138545250","chr7:138545362-138551062","1.94e-05","1.94e-05","1.24e-05","1.24e-05"
"389","TRRAP",NA,"ENSG00000196367","CE388","chr7:98881251-98881974","chr7:98881695-98881736","chr7:98881251-98881694","chr7:98881737-98881974","9.49e-18","9.49e-18","0.474","0.474"
"390","TTC19",NA,"ENSG00000011295","CE389","chr17:16006569-16025016","chr17:16024489-16024582","chr17:16006569-16024488","chr17:16024583-16025016","0.0194","0.0194","3.47e-07","3.47e-07"
"391","TTC28","1","ENSG00000100154","CE390","chr22:28014393-28030225","chr22:28015079-28015187","chr22:28014393-28015078","chr22:28015188-28030225","4.42e-10","not calculated","0.0119","not calculated"
"392","TTC28","2","ENSG00000100154","CE391","chr22:28014393-28030225","chr22:28027193-28027282","chr22:28014393-28027192","chr22:28027283-28030225","4.42e-10","not calculated","0.0119","not calculated"
"393","UBASH3B",NA,"ENSG00000154127","CE392","chr11:122656211-122776218","chr11:122744155-122744189","chr11:122656211-122744154","chr11:122744190-122776218","3.06e-20","3.06e-20","0.00326","0.00326"
"394","UHRF1BP1L",NA,"ENSG00000111647","CE393","chr12:100072814-100083015","chr12:100078162-100078374","chr12:100072814-100078161","chr12:100078375-100083015","0.072","0.072","0.00571","0.00571"
"395","UIMC1",NA,"ENSG00000087206","CE394","chr5:176975481-176982468","chr5:176980121-176980390","chr5:176975481-176980120","chr5:176980391-176982468","5.63e-07","5.63e-07","0.000764","0.000764"
"396","UNC13A","long","ENSG00000130477","CE395","chr19:17641557-17642844","chr19:17642414-17642591","chr19:17641557-17642413","chr19:17642592-17642844","1.92e-31","1.92e-31","0.00321","0.00321"
"397","UNC13A","short","ENSG00000130477","CE396","chr19:17641557-17642844","chr19:17642414-17642541","chr19:17641557-17642413","chr19:17642542-17642844","1.92e-31","1.92e-31","0.00321","0.00321"
"398","UNC13B",NA,"ENSG00000198722","CE397","chr9:35313990-35366946","chr9:35364545-35364567","chr9:35313990-35364544","chr9:35364568-35366946","9.09e-13","9.09e-13","0.000324","0.000324"
"399","USP10",NA,"ENSG00000103194","CE398","chr16:84733504-84740308","chr16:84735056-84735173","chr16:84733504-84735055","chr16:84735174-84740308","1.16e-17","1.16e-17","0.0136","0.0136"
"400","USP13",NA,"ENSG00000058056","CE399","chr3:179701130-179706933","chr3:179701130-179701179",NA,"chr3:179701180-179706933",NA,"2.05e-05",NA,"not calculated"
"401","USP3",NA,"ENSG00000140455","CE400","chr15:63588424-63588701","chr15:63588533-63588576","chr15:63588424-63588532","chr15:63588577-63588701","4.54e-08","4.54e-08","7.52e-05","7.52e-05"
"402","USP36",NA,"ENSG00000055483","CE401","chr17:78836373-78838586","chr17:78836897-78836976","chr17:78836373-78836896","chr17:78836977-78838586","3.97e-08","3.97e-08","not calculated","not calculated"
"403","UVRAG",NA,"ENSG00000198382","CE402","chr11:76008868-76016814","chr11:76012927-76013102","chr11:76008868-76012926","chr11:76013103-76016814","1.28e-11","1.28e-11","1.09e-06","1.09e-06"
"404","VOPP1","1","ENSG00000154978","CE403","chr7:55492419-55497612","chr7:55492749-55492973","chr7:55492419-55492748","chr7:55492974-55493087","5.51e-07","5.51e-07","0.00153","0.00153"
"405","VOPP1","2","ENSG00000154978","CE404","chr7:55492419-55497612","chr7:55493088-55493209","chr7:55492974-55493087","chr7:55493210-55497612","5.51e-07","not calculated","0.00153","not calculated"
"406","VWCE",NA,"ENSG00000167992","CE405","chr11:61271761-61273198","chr11:61273117-61273198","chr11:61271761-61273116",NA,"2.93e-08",NA,"not calculated",NA
"407","WASHC3",NA,"ENSG00000120860","CE406","chr12:102046120-102061247","chr12:102050518-102050639","chr12:102046120-102050517","chr12:102050640-102061247","1.4e-08","1.4e-08","5.05e-09","5.05e-09"
"408","WASL",NA,"ENSG00000106299","CE407","chr7:123684581-123689041","chr7:123688997-123689041","chr7:123684581-123688996",NA,"1.4e-31",NA,"0.089",NA
"409","WDR35",NA,"ENSG00000118965","CE408","chr2:19975664-19978750","chr2:19977925-19978167","chr2:19975664-19977924","chr2:19978168-19978750","6.11e-15","6.11e-15","not calculated","not calculated"
"410","XPO4",NA,"ENSG00000132953","CE409","chr13:20799340-20800155","chr13:20800113-20800155","chr13:20799340-20800112",NA,"6.38e-05",NA,"not calculated",NA
"411","ZDHHC11",NA,"ENSG00000188818","CE410","chr5:821896-825163","chr5:823389-824560","chr5:821896-823388","chr5:824561-825163","4.1e-57","4.1e-57","0.000334","0.000334"
"412","ZFAND1",NA,"ENSG00000104231","CE411","chr8:81718225-81721226","chr8:81719382-81719503","chr8:81718225-81719381","chr8:81719504-81721226","7.12e-06","7.12e-06","0.000149","0.000149"
"413","ZFAT",NA,"ENSG00000066827","CE412","chr8:134637713-134657560","chr8:134645005-134645052","chr8:134637713-134645004","chr8:134645053-134657560","6.5e-06","not calculated","not calculated","not calculated"
"414","ZFP91",NA,"ENSG00000186660","CE413","chr11:58616816-58617195","chr11:58616993-58617054","chr11:58616816-58616992","chr11:58617055-58617195","6.18e-18","6.18e-18","0.000244","0.000244"
"415","ZGPAT",NA,"ENSG00000197114","CE414","chr20:63709165-63733218","chr20:63732003-63732045","chr20:63709165-63732002","chr20:63732046-63733218","not calculated","4.79e-07","not calculated","0.253"
"416","ZNF195",NA,"ENSG00000005801","CE415","chr11:3361890-3370974","chr11:3363303-3363391","chr11:3361890-3363302","chr11:3363392-3363302","not calculated","not calculated","not calculated","not calculated"
"417","ZNF423",NA,"ENSG00000102935","CE416","chr16:49638875-49730770","chr16:49640443-49640505","chr16:49638875-49640442","chr16:49640506-49730770","2.25e-20","2.25e-20","0.0175","0.0175"
"418","ZNF521",NA,"ENSG00000198795","CE417","chr18:25092082-25195159","chr18:25160540-25160675","chr18:25092082-25160539","chr18:25160676-25195159","6.3e-18","not calculated","0.000224","not calculated"
"419","ZNF529",NA,"ENSG00000186020","CE418","chr19:36572393-36573139","chr19:36573043-36573138","chr19:36572393-36573042",NA,"9.9e-09",NA,"not calculated",NA
"420","ZNF544",NA,"ENSG00000198131","CE419","chr19:58230463-58243964","chr19:58241963-58242308","chr19:58230463-58241962","chr19:58242309-58243964","3.86e-10","3.86e-10","0.342","0.342"
"421","ZNF710",NA,"ENSG00000140548","CE420","chr15:90001615-90067109","chr15:90002433-90003464",NA,"chr15:90003465-90067109",NA,"0.00163",NA,"0.00496"
"422","ZNHIT1",NA,"ENSG00000106400","CE421","chr7:101218218-101222603","chr7:101220797-101221796","chr7:101218218-101220796","chr7:101221797-101222603","1.29e-06","1.29e-06","9.62e-18","9.62e-18"
